881f1888a5fffff,52.22763329719644,12.873323378478633,126,Borkheide,Beelitzer Straße
881f1ca933fffff,52.90896621219278,12.463870890260996,123,Wusterhausen/Dosse,Klempowsiedlung
881f1dd82bfffff,52.98565539022989,12.990285120184062,106,Lindow (Mark),Theodor-Fontane-Ring
881f1c8965fffff,52.99249314331494,11.755573799397723,104,Wittenberge,Bahnstraße
881f1888c9fffff,52.27487524523692,12.876955677449729,95,Beelitz,Wilmersdorfer Straße
881f1d591bfffff,52.61662444602372,13.12759049979543,81,Schönwalde-Glien,Wiesenweg
881f1d59edfffff,52.59671752503682,13.12411443769841,80,Schönwalde-Glien,Unter den Linden
881f18babbfffff,52.322734602449536,13.399143897178446,78,Blankenfelde-Mahlow,Rembrandtstraße
881f18a819fffff,52.190751842670316,13.467248879029786,77,Zossen,Emilie-Fontane-Straße
881f1d0a33fffff,52.83748853660519,13.773155287975847,77,Eberswalde,Westendweg
881f1d5813fffff,52.64816688440195,13.198775960213235,77,Hennigsdorf,Heimstättensiedlung
881f19da93fffff,52.24899559105993,14.04511579734254,76,Bad Saarow,Friedrich-Engels-Damm
881f1d593bfffff,52.598365406043115,13.111280641439606,75,Schönwalde-Glien,Kurmärkische Straße
881f1889d3fffff,52.22927128257948,12.860565651866999,73,Borkheide,Beelitzer Straße
881f18a9d5fffff,52.143418929400035,13.46319881401833,70,Zossen,Bergstraße
881f1cb1c7fffff,53.161984239747675,12.484088906463612,66,Wittstock/Dosse,Kettenstraße
881f1dd2c1fffff,53.179700029046835,13.161048110113164,66,Fürstenberg/Havel,Zehdenicker Straße
881f18a093fffff,52.29789978703093,13.68711612218398,64,Königs Wusterhausen,Karl-Marx-Straße
881f188a93fffff,52.30274828430955,12.925171896747507,62,Schwielowsee,Sperlingslust
881f1888c1fffff,52.26766065044347,12.88008373930003,62,Beelitz,Charlottenburger Straße
881f18aeb3fffff,52.216742026304985,13.781464775089464,62,Heidesee,Cottbuser Straße
881f18944dfffff,52.537378087276004,13.004556845346103,62,Wustermark,Jesse-Owens-Ring
881f189451fffff,52.53800386153656,13.05271226941651,61,Dallgow-Döberitz,Wilhelmstraße
881f1d5021fffff,52.756949705254186,13.248673240440326,60,Oranienburg,Bernauer Straße
881f18968dfffff,52.56018216810453,13.091516686861896,59,Falkensee,Bahnhofstraße
881f1ca915fffff,52.923210512711826,12.457473136314617,59,Wusterhausen/Dosse,Wusterhausener Straße
881f18b599fffff,52.396116387100726,13.718120885613802,59,Gosen-Neu Zittau,Lindenweg
881f1802d3fffff,52.09319855295695,13.17181622040712,59,Luckenwalde,Poststraße
881f1d5917fffff,52.60390323225319,13.120994527500637,59,Schönwalde-Glien,Germanenweg
881f1d79b5fffff,52.49277749605981,13.810300463704879,58,Rüdersdorf bei Berlin,Am Wasserturm
881f18a98bfffff,52.13616614553609,13.466264322769405,57,Zossen,Joachimstraße
881f188abdfffff,52.287665347824884,12.88346700423475,57,Beelitz,Uhlandstraße
881f18b891fffff,52.28488113036476,13.42731725597527,56,Rangsdorf,Puschkinstraße
881f18ae55fffff,52.25960745789263,13.667072696824121,56,Königs Wusterhausen,Am Birkenhain
881f1c2cb5fffff,52.598768233100984,13.00203876271867,54,Brieselang,Lange Straße
881f1d0ee5fffff,52.849882946441234,14.03548659307585,54,Oderberg,Am Spitz
881f1c2ca3fffff,52.60040246278409,12.98920718084846,54,Brieselang,Fichtestraße
881f1c2c25fffff,52.60786819161813,12.876865837034279,53,Nauen,Goethestraße
881f18b5d7fffff,52.39783990023385,13.705314225154003,52,Gosen-Neu Zittau,Uferweg
881f18af27fffff,52.182586815494375,13.579056369855564,51,Mittenwalde,Waldstraße
881f1ca667fffff,53.14961525851729,12.807557481048262,51,Rheinsberg,Zum Seeblick
881f18adc3fffff,52.15979515047468,13.696968345114874,50,Groß Köris,Birkenweg
881f18ad19fffff,52.16671634180779,13.645922267417419,50,Groß Köris,Rankenheimer Straße
881f18b86bfffff,52.2979150497325,13.277041819973007,50,Ludwigsfelde,Genshagener Straße
881f18ae23fffff,52.226816730035885,13.656774967770096,50,Bestensee,Groß Köriser Straße
881f182f6bfffff,51.85526752826943,13.715962029538602,49,Luckau,Lange Straße
881f197957fffff,51.736374704202696,14.6498527158991,48,Forst (Lausitz),C.-A.-Groeschke-Straße
881f188dcbfffff,52.25015444487837,13.068453783098798,48,Michendorf,Am Sonneneck
881f19c409fffff,52.244436349647295,14.420520837195369,48,Müllrose,Fasanenweg
881f1d58e1fffff,52.63379885485973,13.205004201835623,48,Hennigsdorf,Neuendorfstraße
881f1802d7fffff,52.087629508558884,13.162170108130937,48,Luckenwalde,Rudolf-Breitscheid-Straße
881f1888adfffff,52.23485227967483,12.870196531070745,47,Borkheide,Drosselweg
881f18a14dfffff,52.28871874842138,13.449803890420934,46,Rangsdorf,Winterfeldallee
881f1b944bfffff,51.74665053686315,13.952263177783712,46,Calau,Schloßstraße
881f188725fffff,52.3950668516312,13.054203059797112,46,Potsdam,Yorckstraße
881f1d5061fffff,52.77294461587123,13.229571876757086,46,Oranienburg,Friedrich-Siewert-Straße
881f18a531fffff,52.269244327984836,13.74739914476238,46,Heidesee,Geschwister-Scholl-Straße
881f18945bfffff,52.543550055193606,13.062410445500214,46,Dallgow-Döberitz,Bahnhofstraße
881f18ad35fffff,52.1356068491969,13.622894360756058,46,Teupitz,Bahnhofstraße
881f18883bfffff,52.25255764968988,12.838417658477606,46,Borkwalde,Selma-Lagerlöf-Ring
881f198807fffff,52.35721596848794,14.543228187274185,46,Frankfurt (Oder),Goepelstraße
881f036d27fffff,53.188440947607724,13.14495420590059,46,Fürstenberg/Havel,Schlossinsel
881f18ae4dfffff,52.26477624011721,13.628733122997675,46,Königs Wusterhausen,Waldstraße
881f18a8e5fffff,52.16175631633491,13.479514190956367,46,Zossen,Cottbuser Straße
881f19db4dfffff,52.24053974242289,13.807642960239344,46,Heidesee,Bergstraße
881f1d6141fffff,52.556896749098925,13.940625657427184,45,Strausberg,Klosterdorfer Weg
881f1c8a31fffff,53.0738593917124,11.864469234605213,45,Perleberg,Wilsnacker Straße
881f18ba97fffff,52.328270603821025,13.408851421468023,45,Blankenfelde-Mahlow,Jühnsdorfer Weg
881f18b1adfffff,52.355486452848254,13.4093215128592,45,Blankenfelde-Mahlow,Berliner Damm
881f18ad1dfffff,52.161186507787306,13.636210649259311,45,Schwerin,Zemminerseestraße
881f188497fffff,52.390629846325524,13.297696727346572,44,Teltow,Mahlower Straße
881f1d5ae9fffff,52.691247758437775,13.180075886579099,44,Velten,Breite Straße
881f18b1a9fffff,52.36101947541457,13.419034961414072,44,Blankenfelde-Mahlow,Virchowstraße
881f18305dfffff,52.08786505521763,13.570803063220977,44,Baruth/Mark,Ebereschenallee
881f19c34dfffff,52.25448949631859,14.054886775578527,44,Bad Saarow,Friedrich-Engels-Damm
881f19db5dfffff,52.24256366173606,13.842944862988226,43,Storkow (Mark),Klein Schauener Straße
881f1d58e9fffff,52.6409833531568,13.201890400582222,43,Hennigsdorf,Feldstraße
881f19d2e7fffff,52.36723312937271,14.080417400442675,43,Fürstenwalde/Spree,Käthe-Kollwitz-Straße
881f189639fffff,52.56121110685994,13.03051322699842,43,Falkensee,Brandenburgstraße
881f19da13fffff,52.26133202319689,13.955625114818329,42,Storkow (Mark),Am Werder
881f188ab7fffff,52.27881359681539,12.899363069819621,42,Beelitz,Friedrich-Engels-Straße
881f1d5519fffff,52.76115260538384,13.477684001728653,42,Wandlitz,Prenzlauer Chaussee
881f18300dfffff,52.0695187835062,13.554475621453548,42,Baruth/Mark,Birkenallee
881f189649fffff,52.59322151187505,12.992339680079688,42,Brieselang,Lange Straße
881f1c896dfffff,52.999576817982565,11.752303484860024,42,Wittenberge,Perleberger Straße
881f1d5827fffff,52.62215983780242,13.137308976213047,41,Schönwalde-Glien,Bötzower Straße
881f1d4209fffff,52.72045684074801,13.373782985883281,41,Mühlenbecker Land,Goethestraße
881f1d4333fffff,52.656963036464624,13.340514122675698,41,Mühlenbecker Land,Dorfstraße
881f18a867fffff,52.17198397677803,13.402966239992141,41,Am Mellensee,Hohe Föhren
881f1cb753fffff,53.247420023739394,12.66578254680468,41,Wittstock/Dosse,Zum Vogelberg
881f189b49fffff,52.40961702636175,12.56460845510872,41,Brandenburg an der Havel,Wollenweberstraße
881f1d6a3dfffff,52.48786077000731,13.897045449611587,40,Rüdersdorf bei Berlin,Dorfstraße
881f19791dfffff,51.72903065788849,14.65278445689934,40,Forst (Lausitz),Ringstraße
881f19db65fffff,52.21500135440811,13.79423826209057,40,Heidesee,Wilhelmkorso
881f189585fffff,52.46379908531036,13.04861524942865,40,Potsdam,Norwegische Allee
881f183005fffff,52.062253924606225,13.557528943525222,40,Baruth/Mark,Ebereschenallee
881f19d1e7fffff,52.27803615196464,14.033055328170871,40,Bad Saarow,Am Weinberg
881f1832c9fffff,52.13007322462919,13.613189864772245,40,Teupitz,Gutzmannstraße
881f189647fffff,52.57885670833108,12.998602756105708,40,Brieselang,Wustermarker Allee
881f19db69fffff,52.22777184717558,13.800939265624777,40,Heidesee,Ziestsee
